<?xml version="1.0" encoding="UTF-8"?><?xml-stylesheet type='text/xsl' href='_UpgradeReport_Files/UpgradeReport.xslt'?><UpgradeLog>
<Properties><Property Name="Solution" Value="odin">
</Property><Property Name="Projektmappendatei" Value="T:\odin\c++\0.2.05\odin.sln">
</Property><Property Name="Benutzeroptionendatei" Value="T:\odin\c++\0.2.05\odin.suo">
</Property><Property Name="Date" Value="Sonntag, 24. Januar 2010">
</Property><Property Name="Time" Value="19:09">
</Property></Properties><Event ErrorLevel="0" Project="" Source="odin.sln" Description="Datei wurde erfolgreich als &quot;T:\odin\c++\0.2.05\odin.sln.old&quot; gesichert">
</Event><Event ErrorLevel="0" Project="" Source="odin.suo" Description="Datei wurde erfolgreich als &quot;T:\odin\c++\0.2.05\odin.suo.old&quot; gesichert">
</Event><Event ErrorLevel="0" Project="odin" Source="odin.vcproj" Description="Die Webbereitstellung auf dem lokalen IIS-Server wird nicht mehr unterstützt. Das Buildtool für die Webbereitstellung wurde aus den Projekteinstellungen entfernt.">
</Event><Event ErrorLevel="1" Project="odin" Source="odin.vcproj" Description="Die Anwendung wurde aktualisiert und enthält nun auch Einstellungen für die Benutzerkontensteuerung (User Account Control, UAC) von Windows Vista. Standardmäßig wird die Anwendung beim Ausführen unter Windows Vista mit aktivierter Benutzerkontensteuerung so markiert, dass sie mit den gleichen Berechtigungen wie der Prozess ausgeführt wird, durch den sie gestartet wurde. Mit der Markierung wird auch das Ausführen der Anwendung mit Virtualisierung deaktiviert. Sie können die Einstellungen der Benutzerkontensteuerung über die Eigenschaftenseiten des Projekts ändern.">
</Event><Event ErrorLevel="0" Project="odin" Source="odin.vcproj" Description="Die Projektdatei wurde erfolgreich als &quot;T:\odin\c++\0.2.05\odin.vcproj.8.00.old&quot; gesichert.">
</Event><Event ErrorLevel="0" Project="odin" Source="odin.vcproj" Description="Das Projekt wurde erfolgreich aktualisiert.">
</Event><Event ErrorLevel="3" Project="odin" Source="odin.vcproj" Description="Converted">
</Event><Event ErrorLevel="0" Project="" Source="odin.sln" Description="Die Projektmappe wurde erfolgreich konvertiert.">
</Event><Event ErrorLevel="3" Project="" Source="odin.sln" Description="Converted">
</Event></UpgradeLog>